Engine,Run ID,Composition,Initial Space Group,Energy (eV/atom),Overall Status,MD Verdict,RMSD Val,RMSD Verdict,Vol Val,Vol Verdict,RDF Val,RDF Verdict,Sym Verdict,Sym Group,Sym List,Completeness Issues
MACE OMAT,md_cifs_vibroml_mace_lifsimplecubic_m4p523283,LiF,Pm-3m,-4.523283,UNSTABLE,UNSTABLE,1.579,FAIL,28.3,FAIL,-0.011,FAIL,FAIL,F-43m,P1 (1); I-4m2 (119); F-43m (216),COMPLETE
MACE MP,md_cifs_vibroml_mace_lifsimplecubic_m4p523283,LiF,Pm-3m,-4.523283,UNSTABLE,UNSTABLE,1.318,FAIL,13.7,FAIL,-0.013,FAIL,FAIL,P1,P1 (1),COMPLETE
eSEN,md_cifs_vibroml_esen_lifsimplecubic_m4p523283,LiF,Pm-3m,-4.523283,UNSTABLE,UNSTABLE,1.062,FAIL,27.8,FAIL,-0.011,FAIL,FAIL,F-43m,P1 (1); I-4m2 (119); F-43m (216),COMPLETE
UMA,md_cifs_vibroml_uma_lifsimplecubic_m4p523283,LiF,Pm-3m,-4.523283,UNSTABLE,UNSTABLE,1.906,FAIL,9.2,FAIL,-0.011,FAIL,FAIL,F-43m,P1 (1); I-4m2 (119); F-43m (216),COMPLETE
MACE OMAT,top_4_iter2_sample10,LiF,Pnma,-4.8001,UNSTABLE,UNSTABLE,2.258,FAIL,48.0,FAIL,0.001,FAIL,FAIL,P6_3/mmc,P1 (1); P6_3/mmc (194),COMPLETE
MACE MP,top_4_iter2_sample10,LiF,Pnma,-4.8001,UNSTABLE,UNSTABLE,2.258,FAIL,38.4,FAIL,-0.024,FAIL,FAIL,Fm-3m,P1 (1); Fm-3m (225),COMPLETE
eSEN,top_4_iter2_sample10,LiF,Pnma,-4.8001,UNSTABLE,UNSTABLE,0.555,PASS,5.7,PASS,0.154,FAIL,FAIL,P6_3mc,P1 (1); P6_3mc (186),COMPLETE
UMA,top_4_iter2_sample10,LiF,Pnma,-4.8001,UNSTABLE,UNSTABLE,1.674,FAIL,7.2,FAIL,0.13,FAIL,FAIL,P6_3mc,P1 (1); P6_3mc (186),COMPLETE
MACE OMAT,top_3_iter2_sample14,LiF,F-43m,-4.8158,UNSTABLE,UNSTABLE,3.631,FAIL,9.0,FAIL,-0.012,FAIL,FAIL,Fm-3m,P1 (1); Fm-3m (225),COMPLETE
MACE MP,top_3_iter2_sample14,LiF,F-43m,-4.8158,FAILED_UNSTABLE,UNSTABLE,384869467717.911,FAIL,0.0,PASS,N/A,N/A,FAIL,N/A,N/A,md_explosion
eSEN,top_3_iter2_sample14,LiF,F-43m,-4.8158,UNSTABLE,UNSTABLE,3.334,FAIL,28.5,FAIL,-0.01,FAIL,FAIL,Fm-3m,P1 (1); Fm-3m (225),COMPLETE
UMA,top_3_iter2_sample14,LiF,F-43m,-4.8158,STABLE,STABLE,0.155,PASS,5.3,PASS,0.339,FAIL,PASS,F-43m,P1 (1); F-43m (216),COMPLETE
MACE OMAT,top_4_iter4_sample88,LiF,P4_2/mnm,-4.8197,UNSTABLE,UNSTABLE,0.464,PASS,31.4,FAIL,-0.027,FAIL,FAIL,Fm-3m,P1 (1); P2_1 (4); Fm-3m (225),COMPLETE
MACE MP,top_4_iter4_sample88,LiF,P4_2/mnm,-4.8197,UNSTABLE,UNSTABLE,0.916,PASS,35.3,FAIL,0.093,FAIL,FAIL,P6_3/mmc,P1 (1); P6_3/mmc (194),COMPLETE
eSEN,top_4_iter4_sample88,LiF,P4_2/mnm,-4.8197,UNSTABLE,UNSTABLE,0.408,PASS,6.4,FAIL,0.509,PASS,FAIL,P6_3/mmc,P1 (1); Pc (7); P6_3/mmc (194),COMPLETE
UMA,top_4_iter4_sample88,LiF,P4_2/mnm,-4.8197,STABLE,STABLE,0.208,PASS,4.3,PASS,0.716,PASS,PASS,P4_2/mnm,P1 (1); Cm (8); P4_2/mnm (136),COMPLETE
MACE OMAT,top_2_iter2_sample2,LiF,P6_3mc,-4.8205,FAILED_UNSTABLE,UNSTABLE,1982.848,FAIL,121390.3,FAIL,0.445,FAIL,FAIL,N/A,N/A,md_explosion
MACE MP,top_2_iter2_sample2,LiF,P6_3mc,-4.8205,STABLE,STABLE,0.225,PASS,30.4,FAIL,0.882,PASS,PASS,P6_3mc,P1 (1); P6_3mc (186),COMPLETE
eSEN,top_2_iter2_sample2,LiF,P6_3mc,-4.8205,STABLE,STABLE,0.223,PASS,3.9,PASS,0.529,PASS,PASS,P6_3mc,P1 (1); Cc (9); P6_3mc (186),COMPLETE
UMA,top_2_iter2_sample2,LiF,P6_3mc,-4.8205,STABLE,STABLE,0.238,PASS,4.6,PASS,0.675,PASS,PASS,P6_3mc,P1 (1); Cm (8); P6_3mc (186),COMPLETE
MACE OMAT,top_1_iter2_sample4,LiF,P6_3/mmc,-4.8212,UNSTABLE,UNSTABLE,1.917,FAIL,5.6,PASS,0.37,FAIL,FAIL,Fm-3m,P1 (1); P2_1 (4); Fm-3m (225),COMPLETE
MACE MP,top_1_iter2_sample4,LiF,P6_3/mmc,-4.8212,UNSTABLE,UNSTABLE,0.845,PASS,6.1,FAIL,0.044,FAIL,FAIL,Fm-3m,P1 (1); P-1 (2); Fm-3m (225),COMPLETE
eSEN,top_1_iter2_sample4,LiF,P6_3/mmc,-4.8212,UNSTABLE,UNSTABLE,0.276,PASS,9.4,FAIL,0.438,FAIL,FAIL,P6_3mc,P1 (1); P6_3mc (186),COMPLETE
UMA,top_1_iter2_sample4,LiF,P6_3/mmc,-4.8212,STABLE,STABLE,0.2,PASS,7.1,FAIL,0.579,PASS,PASS,P6_3/mmc,P1 (1); P6_3/mmc (194),COMPLETE
MACE OMAT,top_1_iter4_sample40,LiF,P6_3mc,-4.8264,UNSTABLE,UNSTABLE,0.333,PASS,17.7,FAIL,0.034,FAIL,PASS,P6_3/mmc,P1 (1); Cm (8); P6_3mc (186); P6_3/mmc (194),COMPLETE
MACE MP,top_1_iter4_sample40,LiF,P6_3mc,-4.8264,UNSTABLE,UNSTABLE,0.459,PASS,11.4,FAIL,0.442,FAIL,FAIL,P6_3/mmc,P1 (1); Cm (8); P6_3/mmc (194),COMPLETE
eSEN,top_1_iter4_sample40,LiF,P6_3mc,-4.8264,STABLE,STABLE,0.184,PASS,5.6,PASS,0.465,FAIL,PASS,P6_3mc,P1 (1); P6_3mc (186),COMPLETE
UMA,top_1_iter4_sample40,LiF,P6_3mc,-4.8264,STABLE,STABLE,0.185,PASS,4.7,PASS,0.393,FAIL,PASS,P6_3mc,P1 (1); P6_3mc (186),COMPLETE
MACE OMAT,md_cifs_vibroml_mace_lifsimplecubic_sg_fm3m_energy_m4p982048,LiF,Fm-3m,-4.982048,STABLE,STABLE,0.174,PASS,2.9,PASS,0.281,FAIL,PASS,Fm-3m,P1 (1); Fm-3m (225),COMPLETE
MACE MP,md_cifs_vibroml_mace_lifsimplecubic_sg_fm3m_energy_m4p982048,LiF,Fm-3m,-4.982048,STABLE,STABLE,0.181,PASS,3.7,PASS,0.054,FAIL,PASS,Fm-3m,P1 (1); Fm-3m (225),COMPLETE
eSEN,md_cifs_vibroml_esen_lifsimplecubic_sg_fm3m_energy_m4p982048,LiF,Fm-3m,-4.982048,STABLE,STABLE,0.177,PASS,4.4,PASS,0.29,FAIL,PASS,Fm-3m,P1 (1); Cm (8); Fm-3m (225),COMPLETE
UMA,md_cifs_vibroml_uma_lifsimplecubic_sg_fm3m_energy_m4p982048,LiF,Fm-3m,-4.982048,STABLE,STABLE,0.177,PASS,4.0,PASS,0.219,FAIL,PASS,Fm-3m,P1 (1); Fm-3m (225),COMPLETE
MACE OMAT,optrandom_unique_9_iter1_sample88,LiF,P1,-6.6204,INCOMPLETE,N/A,N/A,N/A,N/A,N/A,N/A,N/A,N/A,N/A,N/A,no_logs_found
MACE MP,optrandom_unique_9_iter1_sample88,LiF,P1,-6.6204,UNSTABLE,UNSTABLE,4.502,FAIL,3.5,PASS,0.912,PASS,FAIL,P1,P1 (1),COMPLETE
MACE OMAT,optrandom_unique_8_iter1_sample32,LiF,P1,-6.6816,INCOMPLETE,N/A,N/A,N/A,N/A,N/A,N/A,N/A,N/A,N/A,N/A,no_logs_found
MACE MP,optrandom_unique_8_iter1_sample32,LiF,P1,-6.6816,STABLE,STABLE,0.682,PASS,4.4,PASS,0.858,PASS,PASS,F-43m,P1 (1); F-43m (216),COMPLETE
MACE OMAT,optrandom_unique_7_iter1_sample64,LiF,P1,-6.6909,INCOMPLETE,N/A,N/A,N/A,N/A,N/A,N/A,N/A,N/A,N/A,N/A,no_logs_found
MACE MP,optrandom_unique_7_iter1_sample64,LiF,P1,-6.6909,UNSTABLE,UNSTABLE,2.183,FAIL,3.3,PASS,0.03,FAIL,PASS,Fm-3m,P1 (1); Fm-3m (225),COMPLETE
MACE OMAT,optrandom_unique_6_iter1_sample16,LiF,P1,-6.696,INCOMPLETE,N/A,N/A,N/A,N/A,N/A,N/A,N/A,N/A,N/A,N/A,no_logs_found
MACE MP,optrandom_unique_6_iter1_sample16,LiF,P1,-6.696,STABLE,STABLE,1.993,FAIL,2.6,PASS,0.605,PASS,PASS,P1,P1 (1),COMPLETE
MACE OMAT,optrandom_unique_5_iter1_sample72,LiF,P1,-6.7013,INCOMPLETE,N/A,N/A,N/A,N/A,N/A,N/A,N/A,N/A,N/A,N/A,no_logs_found
MACE MP,optrandom_unique_5_iter1_sample72,LiF,P1,-6.7013,UNSTABLE,UNSTABLE,4.044,FAIL,17.1,FAIL,0.753,PASS,PASS,P1,P1 (1),COMPLETE
MACE OMAT,optrandom_unique_4_iter1_sample80,LiF,P1,-6.7026,UNSTABLE,UNSTABLE,5.504,FAIL,8.5,FAIL,0.197,FAIL,PASS,P1,P1 (1),COMPLETE
MACE MP,optrandom_unique_4_iter1_sample80,LiF,P1,-6.7026,UNSTABLE,UNSTABLE,1.565,FAIL,2.9,PASS,0.401,FAIL,FAIL,R3m,P1 (1); R3m (160),COMPLETE
MACE OMAT,optrandom_unique_3_iter1_sample22,LiF,P1,-8.383,INCOMPLETE,N/A,N/A,N/A,N/A,N/A,N/A,N/A,N/A,N/A,N/A,no_logs_found
MACE MP,optrandom_unique_3_iter1_sample22,LiF,P1,-8.383,UNSTABLE,UNSTABLE,3.043,FAIL,4.2,PASS,0.852,PASS,FAIL,Cm,P1 (1); Cm (8),COMPLETE
MACE OMAT,optrandom_unique_2_iter1_sample4,LiF,P1,-8.5293,INCOMPLETE,N/A,N/A,N/A,N/A,N/A,N/A,N/A,N/A,N/A,N/A,no_logs_found
MACE MP,optrandom_unique_2_iter1_sample4,LiF,P1,-8.5293,INCOMPLETE,N/A,N/A,N/A,N/A,N/A,N/A,N/A,N/A,N/A,N/A,no_logs_found
MACE OMAT,optrandom_unique_1_iter1_sample12,LiF,P1,-8.6116,FAILED_UNSTABLE,N/A,N/A,N/A,N/A,N/A,N/A,N/A,N/A,N/A,N/A,md_explosion
MACE MP,optrandom_unique_1_iter1_sample12,LiF,P1,-8.6116,STABLE,STABLE,0.717,PASS,3.8,PASS,0.075,FAIL,PASS,Fm-3m,P1 (1); Fm-3m (225),COMPLETE
eSEN,optrandom_unique_1_iter1_sample12,LiF,P1,-8.6116,STABLE,STABLE,0.713,PASS,4.3,PASS,0.237,FAIL,PASS,Fm-3m,P1 (1); P-1 (2); Fm-3m (225),COMPLETE
UMA,optrandom_unique_1_iter1_sample12,LiF,P1,-8.6116,STABLE,STABLE,0.586,PASS,4.9,PASS,0.232,FAIL,PASS,Fm-3m,P1 (1); P-1 (2); Fm-3m (225),COMPLETE
MACE OMAT,optrandom_top_4,LiF,Pm,-11.8712,FAILED_UNSTABLE,N/A,N/A,N/A,N/A,N/A,N/A,N/A,N/A,N/A,N/A,md_explosion
MACE OMAT,optrandom_top_5,LiF,Pm,-11.8712,INCOMPLETE,N/A,N/A,N/A,N/A,N/A,N/A,N/A,N/A,N/A,N/A,no_logs_found
MACE MP,optrandom_top_4,LiF,Pm,-11.8712,STABLE,STABLE,0.166,PASS,4.7,PASS,0.115,FAIL,PASS,Fm-3m,P1 (1); Fm-3m (225),COMPLETE
MACE MP,optrandom_top_5,LiF,Pm,-11.8712,INCOMPLETE,N/A,N/A,N/A,N/A,N/A,N/A,N/A,N/A,N/A,N/A,no_logs_found
eSEN,optrandom_top_4,LiF,Pm,-11.8712,UNSTABLE,UNSTABLE,0.166,PASS,6.2,FAIL,0.227,FAIL,PASS,Fm-3m,P1 (1); Fm-3m (225),COMPLETE
UMA,optrandom_top_4,LiF,Pm,-11.8712,STABLE,STABLE,0.165,PASS,7.3,FAIL,0.591,PASS,PASS,Fm-3m,P1 (1); Pm (6); Fm-3m (225),COMPLETE
MACE OMAT,optrandom_top_3,LiF,P1,-12.3044,INCOMPLETE,N/A,N/A,N/A,N/A,N/A,N/A,N/A,N/A,N/A,N/A,no_logs_found
MACE MP,optrandom_top_3,LiF,P1,-12.3044,UNSTABLE,UNSTABLE,0.934,PASS,6.5,FAIL,-0.014,FAIL,FAIL,Fm-3m,P1 (1); Cm (8); Fm-3m (225),COMPLETE
MACE OMAT,optrandom_top_2,LiF,Cm,-16.2582,INCOMPLETE,N/A,N/A,N/A,N/A,N/A,N/A,N/A,N/A,N/A,N/A,no_logs_found
MACE OMAT,optrandom_top_1,LiF,Cm,-18.5661,FAILED_UNSTABLE,N/A,N/A,N/A,N/A,N/A,N/A,N/A,N/A,N/A,N/A,md_explosion
MACE MP,optrandom_top_1,LiF,Cm,-18.5661,UNSTABLE,UNSTABLE,0.163,PASS,9.2,FAIL,0.344,FAIL,PASS,Fm-3m,P1 (1); Cm (8); Fm-3m (225),COMPLETE
eSEN,optrandom_top_1,LiF,Cm,-18.5661,UNSTABLE,UNSTABLE,2.592,FAIL,26.2,FAIL,-0.011,FAIL,FAIL,Fm-3m,P1 (1); Fm-3m (225),COMPLETE
UMA,optrandom_top_1,LiF,Cm,-18.5661,UNSTABLE,UNSTABLE,1.955,FAIL,15.2,FAIL,-0.012,FAIL,FAIL,Fm-3m,P1 (1); Cc (9); Fm-3m (225),COMPLETE
MACE OMAT,md_cifs_vibroml2_mace_cspbi3_m2p796148,CsPbI3,Pm-3m,-2.796148,UNSTABLE,UNSTABLE,0.793,PASS,4.9,PASS,0.332,FAIL,FAIL,P1,P1 (1),COMPLETE
MACE MP,md_cifs_vibroml2_mace_cspbi3_m2p796148,CsPbI3,Pm-3m,-2.796148,UNSTABLE,UNSTABLE,0.768,PASS,5.5,PASS,0.136,FAIL,FAIL,Pnma,P1 (1); P2_1/m (11); Pnma (62),COMPLETE
MACE MP,md_cifs_vibroml2_mace_mp_cspbi3_m2p796148,CsPbI3,Pm-3m,-2.796148,INCOMPLETE,N/A,N/A,N/A,N/A,N/A,N/A,N/A,N/A,N/A,N/A,no_logs_found
eSEN,md_cifs_vibroml2_esen_cspbi3_m2p796148,CsPbI3,Pm-3m,-2.796148,UNSTABLE,UNSTABLE,0.694,PASS,4.0,PASS,0.385,FAIL,FAIL,Pnma,P1 (1); P2_1 (4); Pnma (62),COMPLETE
UMA,md_cifs_vibroml2_uma_cspbi3_m2p796148,CsPbI3,Pm-3m,-2.796148,UNSTABLE,UNSTABLE,0.648,PASS,3.9,PASS,0.412,FAIL,FAIL,P2_1/m,P1 (1); P2_1/m (11),COMPLETE
MACE OMAT,unique_1_iter2_sample98,CsPbI3,P-1,-2.8248,UNSTABLE,UNSTABLE,2.989,FAIL,8.1,FAIL,0.67,PASS,PASS,P-1,P-1 (2),COMPLETE
MACE MP,unique_1_iter2_sample98,CsPbI3,P-1,-2.8248,UNSTABLE,UNSTABLE,2.097,FAIL,7.2,FAIL,0.687,PASS,PASS,P-1,P-1 (2),COMPLETE
eSEN,unique_1_iter2_sample98,CsPbI3,P-1,-2.8248,UNSTABLE,UNSTABLE,2.011,FAIL,4.0,PASS,0.489,FAIL,FAIL,P1,P1 (1),COMPLETE
UMA,unique_1_iter2_sample98,CsPbI3,P-1,-2.8248,UNSTABLE,UNSTABLE,2.76,FAIL,15.3,FAIL,0.355,FAIL,FAIL,P1,P1 (1),COMPLETE
MACE OMAT,top_5_iter1_sample5,CsPbI3,Pnma,-2.8254,UNSTABLE,UNSTABLE,1.176,FAIL,12.4,FAIL,0.335,FAIL,PASS,Pnma,P1 (1); Pc (7); Pmc2_1 (26); Pnma (62),COMPLETE
MACE MP,top_5_iter1_sample5,CsPbI3,Pnma,-2.8254,UNSTABLE,UNSTABLE,1.061,FAIL,14.5,FAIL,0.347,FAIL,PASS,Pnma,P1 (1); Pmn2_1 (31); Pnma (62),COMPLETE
eSEN,top_5_iter1_sample5,CsPbI3,Pnma,-2.8254,STABLE,STABLE,0.929,PASS,5.3,PASS,0.522,PASS,FAIL,P-1,P1 (1); P-1 (2),COMPLETE
UMA,top_5_iter1_sample5,CsPbI3,Pnma,-2.8254,UNSTABLE,UNSTABLE,1.088,FAIL,7.8,FAIL,0.545,PASS,FAIL,Pm,P1 (1); Pm (6),COMPLETE
MACE OMAT,top_4_iter5_sample56,CsPbI3,Pm,-2.8265,STABLE,STABLE,0.834,PASS,3.8,PASS,0.692,PASS,PASS,Pm,Pm (6),COMPLETE
MACE MP,top_4_iter5_sample56,CsPbI3,Pm,-2.8265,STABLE,STABLE,0.839,PASS,3.9,PASS,0.799,PASS,PASS,Pm,Pm (6),COMPLETE
eSEN,top_4_iter5_sample56,CsPbI3,Pm,-2.8265,STABLE,STABLE,0.871,PASS,7.2,FAIL,0.793,PASS,PASS,P1,P1 (1),COMPLETE
UMA,top_4_iter5_sample56,CsPbI3,Pm,-2.8265,STABLE,STABLE,0.891,PASS,9.4,FAIL,0.76,PASS,PASS,P1,P1 (1),COMPLETE
MACE OMAT,top_3_iter5_sample18,CsPbI3,P2_1/m,-2.8294,UNSTABLE,UNSTABLE,5.136,FAIL,12.9,FAIL,0.539,PASS,PASS,P2_1/m,P2_1/m (11),COMPLETE
MACE MP,top_3_iter5_sample18,CsPbI3,P2_1/m,-2.8294,UNSTABLE,UNSTABLE,4.96,FAIL,6.3,FAIL,0.58,PASS,PASS,P2_1/m,P2_1/m (11),COMPLETE
eSEN,top_3_iter5_sample18,CsPbI3,P2_1/m,-2.8294,UNSTABLE,UNSTABLE,5.236,FAIL,6.4,FAIL,0.565,PASS,FAIL,P1,P1 (1),COMPLETE
UMA,top_3_iter5_sample18,CsPbI3,P2_1/m,-2.8294,UNSTABLE,UNSTABLE,5.188,FAIL,4.8,PASS,0.498,FAIL,FAIL,P1,P1 (1),COMPLETE
MACE OMAT,top_2_iter3_sample94,CsPbI3,Cmcm,-2.831,UNSTABLE,UNSTABLE,1.123,FAIL,22.2,FAIL,0.356,FAIL,FAIL,P2_1/m,P2_1 (4); P2_1/m (11),COMPLETE
MACE MP,top_2_iter3_sample94,CsPbI3,Cmcm,-2.831,STABLE,STABLE,0.404,PASS,16.2,FAIL,0.513,PASS,PASS,Cmcm,Pm (6); P2_1/m (11); Cmcm (63),COMPLETE
eSEN,top_2_iter3_sample94,CsPbI3,Cmcm,-2.831,UNSTABLE,UNSTABLE,0.375,PASS,9.4,FAIL,0.38,FAIL,PASS,Cmcm,P1 (1); Cmcm (63),COMPLETE
UMA,top_2_iter3_sample94,CsPbI3,Cmcm,-2.831,UNSTABLE,UNSTABLE,0.415,PASS,9.2,FAIL,0.342,FAIL,PASS,Cmcm,P1 (1); Cmcm (63),COMPLETE
MACE OMAT,top_1_iter5_sample1,CsPbI3,Pnma,-2.8403,UNSTABLE,UNSTABLE,0.387,PASS,30.0,FAIL,0.368,FAIL,PASS,Pnma,Pnma (62),COMPLETE
MACE MP,top_1_iter5_sample1,CsPbI3,Pnma,-2.8403,UNSTABLE,UNSTABLE,0.507,PASS,16.1,FAIL,0.46,FAIL,PASS,Pnma,Pnma (62),COMPLETE
eSEN,top_1_iter5_sample1,CsPbI3,Pnma,-2.8403,STABLE,STABLE,0.382,PASS,8.3,FAIL,0.501,PASS,PASS,Pnma,P1 (1); Pnma (62),COMPLETE
UMA,top_1_iter5_sample1,CsPbI3,Pnma,-2.8403,UNSTABLE,UNSTABLE,0.492,PASS,14.8,FAIL,0.476,FAIL,FAIL,Pc,P1 (1); Pc (7),COMPLETE
MACE OMAT,md_cifs_vibroml3_mace_hfo2_fm3m_m10p117371,HfO2,Fm-3m,-10.117371,UNSTABLE,UNSTABLE,0.453,PASS,3.1,PASS,0.189,FAIL,FAIL,Pca2_1,P1 (1); Pca2_1 (29),COMPLETE
MACE MP,md_cifs_vibroml3_mace_hfo2_fm3m_m10p117371,HfO2,Fm-3m,-10.117371,UNSTABLE,UNSTABLE,0.919,PASS,13.9,FAIL,0.155,FAIL,FAIL,P2_1/c,P1 (1); P2_1/c (14),COMPLETE
eSEN,md_cifs_vibroml3_esen_hfo2_fm3m_m10p117371,HfO2,Fm-3m,-10.117371,UNSTABLE,UNSTABLE,0.506,PASS,2.0,PASS,0.154,FAIL,FAIL,Pca2_1,P1 (1); Pca2_1 (29),COMPLETE
UMA,md_cifs_vibroml3_uma_hfo2_fm3m_m10p117371,HfO2,Fm-3m,-10.117371,UNSTABLE,UNSTABLE,0.576,PASS,4.2,PASS,0.317,FAIL,FAIL,P2_1/c,P1 (1); P2_1/c (14),COMPLETE
MACE OMAT,unique_6_iter4_sample68,HfO2,Pmn2_1,-10.1288,UNSTABLE,UNSTABLE,0.519,PASS,9.2,FAIL,0.387,FAIL,FAIL,P2_1/c,P-1 (2); P2_1/c (14),COMPLETE
MACE MP,unique_6_iter4_sample68,HfO2,Pmn2_1,-10.1288,UNSTABLE,UNSTABLE,0.845,PASS,22.0,FAIL,0.415,FAIL,FAIL,P4_2/mnm,P1 (1); P4_2/mnm (136),COMPLETE
eSEN,unique_6_iter4_sample68,HfO2,Pmn2_1,-10.1288,UNSTABLE,UNSTABLE,0.393,PASS,4.1,PASS,0.139,FAIL,FAIL,Pca2_1,P1 (1); Pca2_1 (29),COMPLETE
UMA,unique_6_iter4_sample68,HfO2,Pmn2_1,-10.1288,STABLE,STABLE,0.39,PASS,2.9,PASS,0.564,PASS,FAIL,P2_1/m,P1 (1); P2_1/m (11),COMPLETE
MACE OMAT,trad,HfO2,P4_2/nmc,-10.1296,UNSTABLE,UNSTABLE,0.53,PASS,8.4,FAIL,0.564,PASS,FAIL,P2_1/c,P1 (1); P2_1 (4); P2_1/c (14),COMPLETE
MACE MP,trad,HfO2,P4_2/nmc,-10.1296,UNSTABLE,UNSTABLE,0.464,PASS,5.3,PASS,0.321,FAIL,FAIL,P2_1/c,P1 (1); P2_1/c (14),COMPLETE
eSEN,trad,HfO2,P4_2/nmc,-10.1296,UNSTABLE,UNSTABLE,0.429,PASS,2.5,PASS,-0.046,FAIL,FAIL,Pca2_1,P1 (1); Pca2_1 (29),COMPLETE
UMA,trad,HfO2,P4_2/nmc,-10.1296,UNSTABLE,UNSTABLE,0.431,PASS,2.1,PASS,-0.046,FAIL,FAIL,Pca2_1,P1 (1); Pca2_1 (29),COMPLETE
MACE OMAT,unique_4_iter5_sample97,HfO2,Fdd2,-10.1329,STABLE,STABLE,0.098,PASS,1.0,PASS,0.777,PASS,PASS,Fdd2,P1 (1); Fdd2 (43),COMPLETE
MACE MP,unique_4_iter5_sample97,HfO2,Fdd2,-10.1329,UNSTABLE,UNSTABLE,6.325,FAIL,17.6,FAIL,0.496,FAIL,FAIL,P1,P1 (1),COMPLETE
eSEN,unique_4_iter5_sample97,HfO2,Fdd2,-10.1329,UNSTABLE,UNSTABLE,12.981,FAIL,16.4,FAIL,0.651,PASS,FAIL,P1,P1 (1),COMPLETE
UMA,unique_4_iter5_sample97,HfO2,Fdd2,-10.1329,STABLE,STABLE,0.097,PASS,1.1,PASS,0.804,PASS,PASS,Fdd2,P1 (1); Fdd2 (43),COMPLETE
MACE OMAT,unique_3_iter1_sample28,HfO2,P2_1/m,-10.1359,UNSTABLE,UNSTABLE,1.756,FAIL,9.0,FAIL,0.518,PASS,PASS,P2_1/m,P2_1/m (11),COMPLETE
MACE MP,unique_3_iter1_sample28,HfO2,P2_1/m,-10.1359,UNSTABLE,UNSTABLE,3.065,FAIL,22.2,FAIL,0.396,FAIL,PASS,Pnma,P2_1/m (11); Pnma (62),COMPLETE
eSEN,unique_3_iter1_sample28,HfO2,P2_1/m,-10.1359,STABLE,STABLE,1.75,FAIL,5.1,PASS,0.601,PASS,PASS,P2_1/m,P1 (1); P-1 (2); P2_1/m (11),COMPLETE
UMA,unique_3_iter1_sample28,HfO2,P2_1/m,-10.1359,UNSTABLE,UNSTABLE,1.744,FAIL,6.3,FAIL,0.544,PASS,PASS,P2_1/m,P1 (1); P-1 (2); P2_1/m (11),COMPLETE
MACE OMAT,unique_2_iter1_sample37,HfO2,Pnma,-10.1391,STABLE,STABLE,0.101,PASS,9.9,FAIL,0.772,PASS,PASS,Pnma,Pnma (62),COMPLETE
MACE MP,unique_2_iter1_sample37,HfO2,Pnma,-10.1391,STABLE,STABLE,0.133,PASS,11.4,FAIL,0.787,PASS,PASS,Pnma,P2_1/m (11); Pnma (62),COMPLETE
eSEN,unique_2_iter1_sample37,HfO2,Pnma,-10.1391,STABLE,STABLE,0.138,PASS,3.1,PASS,0.791,PASS,PASS,Pnma,P1 (1); P-1 (2); Pnma (62),COMPLETE
UMA,unique_2_iter1_sample37,HfO2,Pnma,-10.1391,STABLE,STABLE,0.147,PASS,5.1,PASS,0.808,PASS,PASS,Pnma,P1 (1); Pnma (62),COMPLETE
MACE OMAT,unique_1_iter2_sample63,HfO2,P2_1/c,-10.1438,STABLE,STABLE,1.216,FAIL,4.0,PASS,0.511,PASS,PASS,P2_1/c,P-1 (2); P2_1/c (14),COMPLETE
MACE MP,unique_1_iter2_sample63,HfO2,P2_1/c,-10.1438,UNSTABLE,UNSTABLE,1.491,FAIL,3.2,PASS,0.644,PASS,FAIL,Pbca,P-1 (2); Pbca (61),COMPLETE
eSEN,unique_1_iter2_sample63,HfO2,P2_1/c,-10.1438,UNSTABLE,UNSTABLE,1.275,FAIL,6.3,FAIL,0.517,PASS,PASS,P2_1/c,P1 (1); P2_1/c (14),COMPLETE
UMA,unique_1_iter2_sample63,HfO2,P2_1/c,-10.1438,STABLE,STABLE,1.262,FAIL,2.9,PASS,0.528,PASS,PASS,P2_1/c,P1 (1); P2_1/c (14),COMPLETE
MACE OMAT,top_5_iter3_sample6,HfO2,Pca2_1,-10.1458,UNSTABLE,UNSTABLE,0.427,PASS,11.7,FAIL,-0.039,FAIL,FAIL,Pbcn,Pbcn (60),COMPLETE
MACE MP,top_5_iter3_sample6,HfO2,Pca2_1,-10.1458,UNSTABLE,UNSTABLE,0.35,PASS,14.2,FAIL,0.333,FAIL,PASS,Pbcn,Pc (7); Pca2_1 (29); Pbcn (60),COMPLETE
eSEN,top_5_iter3_sample6,HfO2,Pca2_1,-10.1458,STABLE,STABLE,0.107,PASS,2.6,PASS,0.741,PASS,PASS,Pca2_1,P1 (1); Pca2_1 (29),COMPLETE
UMA,top_5_iter3_sample6,HfO2,Pca2_1,-10.1458,UNSTABLE,UNSTABLE,0.455,PASS,4.5,PASS,0.024,FAIL,FAIL,Pbcn,P1 (1); P2_1/c (14); Pbcn (60),COMPLETE
MACE OMAT,top_4_iter3_sample76,HfO2,P4_2/mnm,-10.1485,STABLE,STABLE,0.151,PASS,4.9,PASS,0.768,PASS,PASS,P4_2/mnm,P1 (1); P4_2/m (84); P4_2/mnm (136),COMPLETE
MACE MP,top_4_iter3_sample76,HfO2,P4_2/mnm,-10.1485,STABLE,STABLE,0.194,PASS,9.4,FAIL,0.771,PASS,PASS,P4_2/mnm,P1 (1); Pmma (51); P4_2/mnm (136),COMPLETE
eSEN,top_4_iter3_sample76,HfO2,P4_2/mnm,-10.1485,STABLE,STABLE,0.125,PASS,1.4,PASS,0.679,PASS,PASS,P4_2/mnm,P1 (1); P4_2/mnm (136),COMPLETE
UMA,top_4_iter3_sample76,HfO2,P4_2/mnm,-10.1485,STABLE,STABLE,0.125,PASS,1.9,PASS,0.684,PASS,PASS,P4_2/mnm,P1 (1); P4_2/m (84); P4_2/mnm (136),COMPLETE
MACE OMAT,top_3_iter3_sample36,HfO2,Pbcn,-10.1559,UNSTABLE,UNSTABLE,1.051,FAIL,17.6,FAIL,0.606,PASS,FAIL,P2_1/c,P2_1/c (14),COMPLETE
MACE MP,top_3_iter3_sample36,HfO2,Pbcn,-10.1559,UNSTABLE,UNSTABLE,0.488,PASS,13.5,FAIL,0.373,FAIL,FAIL,P2_1/c,P-1 (2); P2_1/c (14),COMPLETE
eSEN,top_3_iter3_sample36,HfO2,Pbcn,-10.1559,UNSTABLE,UNSTABLE,0.403,PASS,4.0,PASS,0.429,FAIL,FAIL,P2_1/c,P1 (1); P2_1/c (14),COMPLETE
UMA,top_3_iter3_sample36,HfO2,Pbcn,-10.1559,STABLE,STABLE,0.099,PASS,6.0,PASS,0.765,PASS,PASS,Pbcn,P1 (1); Pbcn (60),COMPLETE
MACE OMAT,top_2_iter1_sample43,HfO2,I4_1/amd,-10.1601,UNSTABLE,UNSTABLE,5.877,FAIL,9.1,FAIL,0.414,FAIL,FAIL,P-1,P-1 (2),COMPLETE
MACE MP,top_2_iter1_sample43,HfO2,I4_1/amd,-10.1601,UNSTABLE,UNSTABLE,7.621,FAIL,22.6,FAIL,0.837,PASS,FAIL,C2/m,P1 (1); P-1 (2); C2/m (12),COMPLETE
eSEN,top_2_iter1_sample43,HfO2,I4_1/amd,-10.1601,UNSTABLE,UNSTABLE,6.331,FAIL,45.8,FAIL,0.305,FAIL,FAIL,P1,P1 (1),COMPLETE
UMA,top_2_iter1_sample43,HfO2,I4_1/amd,-10.1601,UNSTABLE,UNSTABLE,7.544,FAIL,78.8,FAIL,0.719,PASS,FAIL,P1,P1 (1),COMPLETE
MACE OMAT,top_1_iter3_sample26,HfO2,P2_1/c,-10.1659,STABLE,STABLE,1.163,FAIL,2.4,PASS,0.642,PASS,PASS,P2_1/c,P-1 (2); P2_1/c (14),COMPLETE
MACE MP,top_1_iter3_sample26,HfO2,P2_1/c,-10.1659,UNSTABLE,UNSTABLE,1.208,FAIL,3.5,PASS,0.435,FAIL,FAIL,Pbcn,P-1 (2); Pbcn (60),COMPLETE
eSEN,top_1_iter3_sample26,HfO2,P2_1/c,-10.1659,STABLE,STABLE,1.156,FAIL,2.1,PASS,0.721,PASS,PASS,P2_1/c,P1 (1); P2_1/c (14),COMPLETE
UMA,top_1_iter3_sample26,HfO2,P2_1/c,-10.1659,STABLE,STABLE,1.157,FAIL,1.6,PASS,0.722,PASS,PASS,P2_1/c,P1 (1); P2_1/c (14),COMPLETE
MACE OMAT,unique_11_sg_p2,Bi2Sn2O7,P2_12_12_1,-5.997022,STABLE,STABLE,0.359,PASS,5.1,PASS,0.675,PASS,PASS,Imma,P2_12_12_1 (19); Imma (74),COMPLETE
MACE MP,unique_11_sg_p2,Bi2Sn2O7,P2_12_12_1,-5.997022,STABLE,STABLE,0.324,PASS,4.9,PASS,0.71,PASS,PASS,Imma,P2_12_12_1 (19); Imma (74),COMPLETE
eSEN,unique_11_sg_p2,Bi2Sn2O7,P2_12_12_1,-5.997022,STABLE,STABLE,0.461,PASS,1.9,PASS,0.79,PASS,PASS,Pnma,P1 (1); P2_12_12_1 (19); Pnma (62),COMPLETE
UMA,unique_11_sg_p2,Bi2Sn2O7,P2_12_12_1,-5.997022,STABLE,STABLE,0.46,PASS,2.2,PASS,0.793,PASS,PASS,Pnma,P1 (1); P2_12_12_1 (19); Pnma (62),COMPLETE
MACE OMAT,unique_9_sg_p2,Bi2Sn2O7,P2_1,-6.004968,UNSTABLE,UNSTABLE,6.865,FAIL,9.8,FAIL,0.705,PASS,FAIL,P1,P1 (1),COMPLETE
MACE MP,unique_9_sg_p2,Bi2Sn2O7,P2_1,-6.004968,STABLE,STABLE,0.228,PASS,1.0,PASS,0.721,PASS,FAIL,Cmc2_1,P1 (1); Pc (7); Cmc2_1 (36),COMPLETE
eSEN,unique_9_sg_p2,Bi2Sn2O7,P2_1,-6.004968,UNSTABLE,UNSTABLE,4.716,FAIL,3.9,PASS,0.7,PASS,FAIL,P1,P1 (1),COMPLETE
UMA,unique_9_sg_p2,Bi2Sn2O7,P2_1,-6.004968,UNSTABLE,UNSTABLE,4.561,FAIL,1.8,PASS,0.669,PASS,FAIL,P1,P1 (1),COMPLETE
MACE OMAT,targeted_ga_,Bi2Sn2O7,P1,-6.0174,STABLE,STABLE,0.375,PASS,1.0,PASS,0.856,PASS,PASS,P2,P1 (1); P2 (3),COMPLETE
MACE MP,targeted_ga_,Bi2Sn2O7,P1,-6.0174,STABLE,STABLE,0.325,PASS,0.9,PASS,0.856,PASS,PASS,P1,P1 (1),COMPLETE
eSEN,targeted_ga_,Bi2Sn2O7,P1,-6.0174,STABLE,STABLE,0.259,PASS,1.0,PASS,0.903,PASS,PASS,Fd-3m,P1 (1); P2_1 (4); I-42d (122); Fd-3m (227),COMPLETE
UMA,targeted_ga_,Bi2Sn2O7,P1,-6.0174,STABLE,STABLE,0.405,PASS,0.7,PASS,0.837,PASS,PASS,P2,P1 (1); P2 (3),COMPLETE
MACE OMAT,md_cifs_vibroml4_mace_sn2bi2o7_m6p017672,Bi2Sn2O7,Fd-3m,-6.017672,STABLE,STABLE,0.423,PASS,4.5,PASS,0.463,FAIL,PASS,Fd-3m,P1 (1); Aea2 (41); Fd-3m (227),COMPLETE
MACE MP,md_cifs_vibroml4_mace_sn2bi2o7_m6p017672,Bi2Sn2O7,Fd-3m,-6.017672,STABLE,STABLE,0.351,PASS,2.4,PASS,0.444,FAIL,PASS,Fd-3m,P1 (1); C2 (5); Fd-3m (227),COMPLETE
eSEN,md_cifs_vibroml4_esen_sn2bi2o7_m6p017672,Bi2Sn2O7,Fd-3m,-6.017672,STABLE,STABLE,0.229,PASS,1.4,PASS,0.502,PASS,PASS,Fd-3m,P1 (1); P2_1 (4); I-42d (122); Fd-3m (227),COMPLETE
UMA,md_cifs_vibroml4_uma_sn2bi2o7_m6p017672,Bi2Sn2O7,Fd-3m,-6.017672,STABLE,STABLE,0.232,PASS,1.8,PASS,0.441,FAIL,PASS,Fd-3m,P1 (1); Aea2 (41); Cmce (64); Fd-3m (227),COMPLETE
MACE OMAT,unique_4_sg_p1,Bi2Sn2O7,P1,-6.029892,STABLE,STABLE,0.358,PASS,0.6,PASS,0.865,PASS,PASS,Fd-3m,P1 (1); Fd-3m (227),COMPLETE
MACE MP,unique_4_sg_p1,Bi2Sn2O7,P1,-6.029892,STABLE,STABLE,0.321,PASS,0.8,PASS,0.867,PASS,PASS,Fd-3m,P1 (1); Fd-3m (227),COMPLETE
eSEN,unique_4_sg_p1,Bi2Sn2O7,P1,-6.029892,STABLE,STABLE,0.266,PASS,0.9,PASS,0.956,PASS,PASS,Fd-3m,P1 (1); I-42d (122); Fd-3m (227),COMPLETE
UMA,unique_4_sg_p1,Bi2Sn2O7,P1,-6.029892,STABLE,STABLE,0.248,PASS,0.6,PASS,0.923,PASS,PASS,Fd-3m,P1 (1); I-42d (122); Fd-3m (227),COMPLETE
MACE OMAT,trad_,Bi2Sn2O7,Cc,-6.0303,STABLE,STABLE,0.242,PASS,0.7,PASS,0.874,PASS,FAIL,Fd-3m,P1 (1); Fd-3m (227),COMPLETE
MACE MP,trad_,Bi2Sn2O7,Cc,-6.0303,STABLE,STABLE,0.27,PASS,1.2,PASS,0.813,PASS,FAIL,Fd-3m,P1 (1); Pna2_1 (33); Fd-3m (227),COMPLETE
eSEN,trad_,Bi2Sn2O7,Cc,-6.0303,STABLE,STABLE,0.194,PASS,1.0,PASS,0.943,PASS,FAIL,Fd-3m,P1 (1); Aea2 (41); Fd-3m (227),COMPLETE
UMA,trad_,Bi2Sn2O7,Cc,-6.0303,STABLE,STABLE,0.272,PASS,0.7,PASS,0.932,PASS,FAIL,Fd-3m,P1 (1); Fd-3m (227),COMPLETE
MACE OMAT,unique_3_sg_pna2,Bi2Sn2O7,Pna2_1,-6.030352,STABLE,STABLE,0.35,PASS,6.2,FAIL,0.713,PASS,PASS,Fd-3m,Pna2_1 (33); Ima2 (46); Fd-3m (227),COMPLETE
MACE MP,unique_3_sg_pna2,Bi2Sn2O7,Pna2_1,-6.030352,STABLE,STABLE,0.203,PASS,5.6,PASS,0.682,PASS,PASS,Fd-3m,Pna2_1 (33); Ima2 (46); Fd-3m (227),COMPLETE
eSEN,unique_3_sg_pna2,Bi2Sn2O7,Pna2_1,-6.030352,STABLE,STABLE,0.288,PASS,1.7,PASS,0.738,PASS,FAIL,Fd-3m,P1 (1); Aea2 (41); Fd-3m (227),COMPLETE
UMA,unique_3_sg_pna2,Bi2Sn2O7,Pna2_1,-6.030352,STABLE,STABLE,0.268,PASS,2.9,PASS,0.715,PASS,FAIL,Fd-3m,P1 (1); Cc (9); Fd-3m (227),COMPLETE
MACE OMAT,unique_2_sg_p2,Bi2Sn2O7,P2_1,-6.030819,STABLE,STABLE,0.32,PASS,2.7,PASS,0.763,PASS,PASS,Fd-3m,P2_1 (4); I-42d (122); Fd-3m (227),COMPLETE
MACE MP,unique_2_sg_p2,Bi2Sn2O7,P2_1,-6.030819,STABLE,STABLE,0.352,PASS,3.1,PASS,0.765,PASS,PASS,Fd-3m,P2_1 (4); I-42d (122); Fd-3m (227),COMPLETE
eSEN,unique_2_sg_p2,Bi2Sn2O7,P2_1,-6.030819,STABLE,STABLE,0.303,PASS,1.9,PASS,0.739,PASS,FAIL,Fd-3m,P1 (1); Pc (7); Fd-3m (227),COMPLETE
UMA,unique_2_sg_p2,Bi2Sn2O7,P2_1,-6.030819,STABLE,STABLE,0.338,PASS,2.2,PASS,0.747,PASS,FAIL,Fd-3m,P1 (1); Pc (7); Aea2 (41); Fd-3m (227),COMPLETE
MACE OMAT,opt_random_top_1,Bi2Sn2O7,P2_12_12_1,-6.0314,STABLE,STABLE,0.25,PASS,0.8,PASS,0.729,PASS,FAIL,Fd-3m,P1 (1); Fd-3m (227),COMPLETE
MACE MP,opt_random_top_1,Bi2Sn2O7,P2_12_12_1,-6.0314,STABLE,STABLE,0.211,PASS,5.1,PASS,0.684,PASS,PASS,Fd-3m,P2_12_12_1 (19); I-42d (122); Fd-3m (227),COMPLETE
eSEN,opt_random_top_1,Bi2Sn2O7,P2_12_12_1,-6.0314,STABLE,STABLE,0.304,PASS,1.8,PASS,0.713,PASS,FAIL,Fd-3m,P1 (1); Aea2 (41); Cmce (64); Fd-3m (227),COMPLETE
UMA,opt_random_top_1,Bi2Sn2O7,P2_12_12_1,-6.0314,STABLE,STABLE,0.25,PASS,2.4,PASS,0.721,PASS,FAIL,Fd-3m,P1 (1); Cc (9); Aea2 (41); Fd-3m (227),COMPLETE
MACE OMAT,unique_1_sg_cc,Bi2Sn2O7,Cc,-6.03173,UNSTABLE,UNSTABLE,6.107,FAIL,2.9,PASS,0.658,PASS,FAIL,P1,P1 (1),COMPLETE
MACE MP,unique_1_sg_cc,Bi2Sn2O7,Cc,-6.03173,UNSTABLE,UNSTABLE,5.99,FAIL,5.5,PASS,0.701,PASS,FAIL,P1,P1 (1),COMPLETE
eSEN,unique_1_sg_cc,Bi2Sn2O7,Cc,-6.03173,UNSTABLE,UNSTABLE,6.01,FAIL,4.8,PASS,0.61,PASS,FAIL,P1,P1 (1),COMPLETE
UMA,unique_1_sg_cc,Bi2Sn2O7,Cc,-6.03173,UNSTABLE,UNSTABLE,6.069,FAIL,7.1,FAIL,0.619,PASS,FAIL,P1,P1 (1),COMPLETE
MACE MP,optrandom_top_2,,Cm,-16.2582,INCOMPLETE,N/A,N/A,N/A,N/A,N/A,N/A,N/A,N/A,N/A,N/A,missing_md_dir; no_logs_found
